create database placementms;
use placementms;
create table student(studentid int primary key,name varchar(50),department varchar(30),mobile_number int,email varchar(50),dob date,gender varchar(50));
INSERT INTO student (studentid, name, department, mobile_number, email, dob, gender) VALUES
('S1A', 'John Doe', 'Computer Science', 1234567890, 'john.doe@example.com', '2000-01-01', 'Male'),
('S2B', 'Jane Smith', 'Electrical Engineering', 9876543210, 'jane.smith@example.com', '2000-02-02', 'Female'),
('S3C', 'Alice Johnson', 'Physics', 5554443333, 'alice.johnson@example.com', '1999-03-03', 'Female'),
('S4D', 'Bob Brown', 'Mathematics', 3332221111, 'bob.brown@example.com', '1998-04-04', 'Male'),
('S5E', 'Emily Wilson', 'Chemistry', 6667778888, 'emily.wilson@example.com', '1997-05-05', 'Female'),
('S6F', 'Michael Lee', 'Biology', 9998887777, 'michael.lee@example.com', '1996-06-06', 'Male'),
('S7G', 'Sarah Davis', 'History', 2223334444, 'sarah.davis@example.com', '1995-07-07', 'Female'),
('S8H', 'David Rodriguez', 'English', 7778889999, 'david.rodriguez@example.com', '1994-08-08', 'Male'),
('S9I', 'Jennifer Martinez', 'Psychology', 1112223333, 'jennifer.martinez@example.com', '1993-09-09', 'Female'),
('S10J', 'James Wilson', 'Sociology', 4445556666, 'james.wilson@example.com', '1992-10-10', 'Male'),
('S11K', 'Mary Taylor', 'Political Science', 8889990000, 'mary.taylor@example.com', '1991-11-11', 'Female'),
('S12L', 'Christopher Garcia', 'Economics', 5556667777, 'christopher.garcia@example.com', '1990-12-12', 'Male'),
('S13M', 'Jessica Martinez', 'Finance', 2223334444, 'jessica.martinez@example.com', '1989-01-13', 'Female'),
('S14N', 'Daniel Hernandez', 'Marketing', 9998887777, 'daniel.hernandez@example.com', '1988-02-14', 'Male'),
('S15O', 'Patricia Lopez', 'Management', 6667778888, 'patricia.lopez@example.com', '1987-03-15', 'Female'),
('S16P', 'Joshua Gonzalez', 'Business Administration', 3332221111, 'joshua.gonzalez@example.com', '1986-04-16', 'Male'),
('S17Q', 'Linda Perez', 'Accounting', 1234567890, 'linda.perez@example.com', '1985-05-17', 'Female'),
('S18R', 'Andrew Torres', 'Information Technology', 9876543210, 'andrew.torres@example.com', '1984-06-18', 'Male'),
('S19S', 'Maria Flores', 'Civil Engineering', 5554443333, 'maria.flores@example.com', '1983-07-19', 'Female'),
('S20T', 'William Rivera', 'Mechanical Engineering', 3332221111, 'william.rivera@example.com', '1982-08-20', 'Male'),
('S21U', 'Karen Sanchez', 'Aerospace Engineering', 6667778888, 'karen.sanchez@example.com', '1981-09-21', 'Female'),
('S22V', 'Michael Ramirez', 'Chemical Engineering', 9998887777, 'michael.ramirez@example.com', '1980-10-22', 'Male'),
('S23W', 'Amanda Cruz', 'Computer Engineering', 2223334444, 'amanda.cruz@example.com', '1979-11-23', 'Female'),
('S24X', 'Jason Gonzalez', 'Electronics Engineering', 7778889999, 'jason.gonzalez@example.com', '1978-12-24', 'Male'),
('S25Y', 'Nicole Gomez', 'Industrial Engineering', 1112223333, 'nicole.gomez@example.com', '1977-01-25', 'Female'),
('S26Z', 'Anthony Perez', 'Software Engineering', 4445556666, 'anthony.perez@example.com', '1976-02-26', 'Male'),
('S27AA', 'Samantha Martin', 'Materials Science', 8889990000, 'samantha.martin@example.com', '1975-03-27', 'Female'),
('S28AB', 'Kevin Lewis', 'Environmental Engineering', 5556667777, 'kevin.lewis@example.com', '1974-04-28', 'Male'),
('S29AC', 'Rachel Allen', 'Nuclear Engineering', 2223334444, 'rachel.allen@example.com', '1973-05-29', 'Female'),
('S30AD', 'Justin Lee', 'Biomedical Engineering', 9998887777, 'justin.lee@example.com', '1972-06-30', 'Male'),
('S31AE', 'Kimberly Young', 'Robotics Engineering', 6667778888, 'kimberly.young@example.com', '1971-07-31', 'Female'),
('S32AF', 'Matthew Hernandez', 'Telecommunications Engineering', 3332221111, 'matthew.hernandez@example.com', '1970-08-01', 'Male'),
('S33AG', 'Hannah Phillips', 'Computer Science', 1234567890, 'hannah.phillips@example.com', '1969-09-02', 'Female'),
('S34AH', 'Brandon Johnson', 'Electrical Engineering', 9876543210, 'brandon.johnson@example.com', '1968-10-03', 'Male'),
('S35AI', 'Lauren Smith', 'Physics', 5554443333, 'lauren.smith@example.com', '1967-11-04', 'Female'),
('S36AJ', 'Mark Davis', 'Mathematics', 3332221111, 'mark.davis@example.com', '1966-12-05', 'Male'),
('S37AK', 'Ashley Wilson', 'Chemistry', 6667778888, 'ashley.wilson@example.com', '1965-01-06', 'Female'),
('S38AL', 'Tyler Brown', 'Biology', 9998887777, 'tyler.brown@example.com', '1964-02-07', 'Male'),
('S39AM','Brittany Taylor', 'History', 2223334444, 'brittany.taylor@example.com', '1963-03-08', 'Female'),
('S40AN', 'Madison Johnson', 'History', 2223334444, 'madison.johnson@example.com', '1963-03-08', 'Female'),
('S41AO', 'Ryan Martinez', 'English', 7778889999, 'ryan.martinez@example.com', '1962-04-09', 'Male'),
('S42AP', 'Taylor Thompson', 'Psychology', 1112223333, 'taylor.thompson@example.com', '1961-05-10', 'Female'),
('S43AQ', 'Jordan White', 'Sociology', 4445556666, 'jordan.white@example.com', '1960-06-11', 'Male'),
('S44AR', 'Alexis Harris', 'Political Science', 8889990000, 'alexis.harris@example.com', '1959-07-12', 'Female'),
('S45AS', 'Logan Martin', 'Economics', 5556667777, 'logan.martin@example.com', '1958-08-13', 'Male'),
('S46AT', 'Morgan Clark', 'Finance', 2223334444, 'morgan.clark@example.com', '1957-09-14', 'Female'),
('S47AU', 'Hayden Lewis', 'Marketing', 9998887777, 'hayden.lewis@example.com', '1956-10-15', 'Male'),
('S48AV', 'Avery Robinson', 'Management', 6667778888, 'avery.robinson@example.com', '1955-11-16', 'Female'),
('S49AW', 'Peyton Walker', 'Business Administration', 3332221111, 'peyton.walker@example.com', '1954-12-17', 'Male'),
('S50AX', 'Riley Hall', 'Accounting', 1234567890, 'riley.hall@example.com', '1953-01-18', 'Female');



create table company(companyid varchar(30) primary key,companyname varchar(50),industry varchar(50),email varchar(40),location varchar(40));
INSERT INTO company (companyid, companyname, industry, email, location) VALUES
('ABC1', 'ABC Corporation', 'Technology', 'abc@example.com', 'New York'),
('DEF2', 'XYZ Ltd', 'Finance', 'xyz@example.com', 'London'),
('GHI3', 'DEF Enterprises', 'Healthcare', 'def@example.com', 'Los Angeles'),
('JKL4', 'GHI Inc', 'Automotive', 'ghi@example.com', 'Detroit'),
('MNO5', 'LMN Co', 'Retail', 'lmn@example.com', 'Chicago'),
('PQR6', 'PQR Industries', 'Manufacturing', 'pqr@example.com', 'Houston'),
('STU7', 'JKL Group', 'Hospitality', 'jkl@example.com', 'Las Vegas'),
('UVW8', 'MNO Corporation', 'Consulting', 'mno@example.com', 'San Francisco'),
('XYZ9', 'UVW Ltd', 'Telecommunications', 'uvw@example.com', 'Seattle'),
('RST10', 'RST Enterprises', 'Energy', 'rst@example.com', 'Dallas'),
('EFG11', 'EFG Inc', 'Aerospace', 'efg@example.com', 'Washington'),
('HIJ12', 'HIJ Corporation', 'Pharmaceuticals', 'hij@example.com', 'Boston'),
('NOP13', 'NOP Group', 'Insurance', 'nop@example.com', 'Philadelphia'),
('STU14', 'STU Ltd', 'Media', 'stu@example.com', 'Atlanta'),
('VWX15', 'VWX Industries', 'Real Estate', 'vwx@example.com', 'Miami'),
('YZA16', 'YZA Corporation', 'Transportation', 'yza@example.com', 'Denver'),
('BCD17', 'BCD Ltd', 'Food & Beverage', 'bcd@example.com', 'San Diego'),
('LMN18', 'LMN Enterprises', 'Education', 'lmn@example.com', 'Austin'),
('OPQ19', 'OPQ Inc', 'Biotechnology', 'opq@example.com', 'Phoenix'),
('QRS20', 'QRS Group', 'Logistics', 'qrs@example.com', 'Portland'),
('TUV21', 'TUV Corporation', 'Entertainment', 'tuv@example.com', 'Orlando'),
('VWX22', 'VWX Ltd', 'Construction', 'vwx@example.com', 'Charlotte'),
('YZA23', 'YZA Enterprises', 'Utilities', 'yza@example.com', 'San Antonio'),
('BCD24', 'BCD Inc', 'Retail', 'bcd@example.com', 'Indianapolis'),
('EFG25', 'EFG Group', 'Automotive', 'efg@example.com', 'Columbus'),
('HIJ26', 'HIJ Ltd', 'Technology', 'hij@example.com', 'San Jose'),
('LMN27', 'LMN Corporation', 'Finance', 'lmn@example.com', 'Jacksonville'),
('OPQ28', 'OPQ Enterprises', 'Healthcare', 'opq@example.com', 'Fort Worth'),
('QRS29', 'QRS Inc', 'Manufacturing', 'qrs@example.com', 'San Francisco'),
('TUV30', 'TUV Group', 'Hospitality', 'tuv@example.com', 'Charlotte'),
('VWX31', 'VWX Inc', 'Consulting', 'vwx@example.com', 'Indianapolis'),
('YZA32', 'YZA Ltd', 'Telecommunications', 'yza@example.com', 'Seattle'),
('BCD33', 'BCD Group', 'Energy', 'bcd@example.com', 'Austin'),
('EFG34', 'EFG Corporation', 'Aerospace', 'efg@example.com', 'Phoenix'),
('HIJ35', 'HIJ Enterprises', 'Pharmaceuticals', 'hij@example.com', 'Boston'),
('LMN36', 'LMN Inc', 'Insurance', 'lmn@example.com', 'Portland'),
('OPQ37', 'OPQ Group', 'Media', 'opq@example.com', 'Orlando'),
('QRS38', 'QRS Ltd', 'Real Estate', 'qrs@example.com', 'Charlotte'),
('TUV39', 'TUV Enterprises', 'Transportation', 'tuv@example.com', 'San Diego'),
('VWX40', 'VWX Inc', 'Food & Beverage', 'vwx@example.com', 'San Francisco'),
('YZA41', 'YZA Group', 'Education', 'yza@example.com', 'Los Angeles'),
('BCD42', 'BCD Corporation', 'Biotechnology', 'bcd@example.com', 'San Antonio'),
('EFG43', 'EFG Ltd', 'Logistics', 'efg@example.com', 'Houston'),
('HIJ44', 'HIJ Group', 'Entertainment', 'hij@example.com', 'Miami'),
('LMN45', 'LMN Enterprises', 'Construction', 'lmn@example.com', 'Denver'),
('OPQ46', 'OPQ Inc', 'Utilities', 'opq@example.com', 'Chicago'),
('QRS47', 'QRS Group', 'Retail', 'qrs@example.com', 'Dallas'),
('TUV48', 'TUV Corporation', 'Automotive', 'tuv@example.com', 'New York'),
('VWX49', 'VWX Ltd', 'Technology', 'vwx@example.com', 'Seattle'),
('YZA50', 'YZA Enterprises', 'Finance', 'yza@example.com', 'Los Angeles');
create table company_profile(companyid varchar(30),companyname varchar(30),assets varchar(30),foreign key(companyid) references company(companyid),foreign key(companyname) references company(companyname));
INSERT INTO company_profile (companyid, companyname, assets) VALUES
('ABC1', 'ABC Corporation', 'High'),
('DEF2', 'XYZ Ltd', 'Medium'),
('GHI3', 'DEF Enterprises', 'Low'),
('JKL4', 'GHI Inc', 'High'),
('MNO5', 'LMN Co', 'Medium'),
('PQR6', 'PQR Industries', 'Low'),
('STU7', 'JKL Group', 'High'),
('UVW8', 'MNO Corporation', 'Medium'),
('XYZ9', 'UVW Ltd', 'Low'),
('RST10', 'RST Enterprises', 'High'),
('EFG11', 'EFG Inc', 'Medium'),
('HIJ12', 'HIJ Corporation', 'Low'),
('NOP13', 'NOP Group', 'High'),
('STU14', 'STU Ltd', 'Medium'),
('VWX15', 'VWX Industries', 'Low'),
('YZA16', 'YZA Corporation', 'High'),
('BCD17', 'BCD Ltd', 'Medium'),
('LMN18', 'LMN Enterprises', 'Low'),
('OPQ19', 'OPQ Inc', 'High'),
('QRS20', 'QRS Group', 'Medium'),
('TUV21', 'TUV Corporation', 'Low'),
('VWX22', 'VWX Ltd', 'High'),
('YZA23', 'YZA Enterprises', 'Medium'),
('BCD24', 'BCD Inc', 'Low'),
('EFG25', 'EFG Group', 'High'),
('HIJ26', 'HIJ Ltd', 'Medium'),
('LMN27', 'LMN Corporation', 'Low'),
('OPQ28', 'OPQ Enterprises', 'High'),
('QRS29', 'QRS Inc', 'Medium'),
('TUV30', 'TUV Group', 'Low'),
('VWX31', 'VWX Inc', 'High'),
('YZA32', 'YZA Ltd', 'Medium'),
('BCD33', 'BCD Group', 'Low'),
('EFG34', 'EFG Corporation', 'High'),
('HIJ35', 'HIJ Enterprises', 'Medium'),
('LMN36', 'LMN Inc', 'Low'),
('OPQ37', 'OPQ Group', 'High'),
('QRS38', 'QRS Ltd', 'Medium'),
('TUV39', 'TUV Enterprises', 'Low'),
('VWX40', 'VWX Inc', 'High'),
('YZA41', 'YZA Group', 'Medium'),
('BCD42', 'BCD Corporation', 'Low'),
('EFG43', 'EFG Ltd', 'High'),
('HIJ44', 'HIJ Group', 'Medium'),
('LMN45', 'LMN Enterprises', 'Low'),
('OPQ46', 'OPQ Inc', 'High'),
('QRS47', 'QRS Group', 'Medium'),
('TUV48', 'TUV Corporation', 'Low'),
('VWX49', 'VWX Ltd', 'High'),
('YZA50', 'YZA Enterprises', 'Medium');
create table application(applicationid varchar(30) primary key,studentid varchar(30),job varchar(30),application_date date,foreign key(studentid) references student(studentid));
INSERT INTO application (applicationid, studentid, job, application_date) VALUES
('APP1', 'S1A', 'Software Engineer', '2024-01-05'),
('APP2', 'S2B', 'Data Analyst', '2024-01-06'),
('APP3', 'S3C', 'Research Assistant', '2024-01-07'),
('APP4', 'S4D', 'Financial Analyst', '2024-01-08'),
('APP5', 'S5E', 'Chemist', '2024-01-09'),
('APP6', 'S6F', 'Biologist', '2024-01-10'),
('APP7', 'S7G', 'Historian', '2024-01-11'),
('APP8', 'S8H', 'Copywriter', '2024-01-12'),
('APP9', 'S9I', 'Psychologist', '2024-01-13'),
('APP10', 'S10J', 'Social Worker', '2024-01-14'),
('APP11', 'S11K', 'Policy Analyst', '2024-01-15'),
('APP12', 'S12L', 'Economist', '2024-01-16'),
('APP13', 'S13M', 'Financial Advisor', '2024-01-17'),
('APP14', 'S14N', 'Marketing Manager', '2024-01-18'),
('APP15', 'S15O', 'Project Manager', '2024-01-19'),
('APP16', 'S16P', 'Business Analyst', '2024-01-20'),
('APP17', 'S17Q', 'Accountant', '2024-01-21'),
('APP18', 'S18R', 'IT Specialist', '2024-01-22'),
('APP19', 'S19S', 'Civil Engineer', '2024-01-23'),
('APP20', 'S20T', 'Mechanical Engineer', '2024-01-24'),
('APP21', 'S21U', 'Aerospace Engineer', '2024-01-25'),
('APP22', 'S22V', 'Chemical Engineer', '2024-01-26'),
('APP23', 'S23W', 'Computer Engineer', '2024-01-27'),
('APP24', 'S24X', 'Electronics Engineer', '2024-01-28'),
('APP25', 'S25Y', 'Industrial Engineer', '2024-01-29'),
('APP26', 'S26Z', 'Software Engineer', '2024-01-30'),
('APP27', 'S27AA', 'Materials Scientist', '2024-01-31'),
('APP28', 'S28AB', 'Environmental Engineer', '2024-02-01'),
('APP29', 'S29AC', 'Nuclear Engineer', '2024-02-02'),
('APP30', 'S30AD', 'Biomedical Engineer', '2024-02-03'),
('APP31', 'S31AE', 'Robotics Engineer', '2024-02-04'),
('APP32', 'S32AF', 'Telecommunications Engineer', '2024-02-05'),
('APP33', 'S33AG', 'Software Engineer', '2024-02-06'),
('APP34', 'S34AH', 'Data Analyst', '2024-02-07'),
('APP35', 'S35AI', 'Research Assistant', '2024-02-08'),
('APP36', 'S36AJ', 'Financial Analyst', '2024-02-09'),
('APP37', 'S37AK', 'Chemist', '2024-02-10'),
('APP38', 'S38AL', 'Biologist', '2024-02-11'),
('APP39', 'S39AM', 'Historian', '2024-02-12'),
('APP40', 'S40AN', 'Copywriter', '2024-02-13'),
('APP41', 'S41AO', 'Psychologist', '2024-02-14'),
('APP42', 'S42AP', 'Social Worker', '2024-02-15'),
('APP43', 'S43AQ', 'Policy Analyst', '2024-02-16'),
('APP44', 'S44AR', 'Economist', '2024-02-17'),
('APP45', 'S45AS', 'Financial Advisor', '2024-02-18'),
('APP46', 'S46AT', 'Marketing Manager', '2024-02-19'),
('APP47', 'S47AU', 'Project Manager', '2024-02-20'),
('APP48', 'S48AV', 'Business Analyst', '2024-02-21'),
('APP49', 'S49AW', 'Accountant', '2024-02-22'),
('APP50', 'S50AX', 'IT Specialist', '2024-02-23');
create table job(jobid  varchar(30) primary key,job_description varchar(30),job_tittle varchar(40),salary int,companyid varchar(30),foreign key(companyid) references company(companyid));
INSERT INTO job (jobid, job_description, job_title, salary, companyid) VALUES
('J1A', 'Develop software applications', 'Software Developer', 80000, 'ABC1'),
('J2B', 'Analyze data and generate insights', 'Data Analyst', 75000, 'DEF2'),
('J3C', 'Assist in research projects', 'Research Assistant', 60000, 'GHI3'),
('J4D', 'Analyze financial data', 'Financial Analyst', 85000, 'JKL4'),
('J5E', 'Conduct experiments and analyze results', 'Research Scientist', 90000, 'MNO5'),
('J6F', 'Design experiments and analyze biological data', 'Biologist', 70000, 'PQR6'),
('J7G', 'Teach history courses and conduct research', 'History Professor', 95000, 'STU7'),
('J8H', 'Create engaging content for marketing purposes', 'Content Writer', 65000, 'UVW8'),
('J9I', 'Provide therapy and counseling services', 'Psychologist', 85000, 'XYZ9'),
('J10J', 'Assist individuals and families in need', 'Social Worker', 70000, 'RST10'),
('J11K', 'Analyze policy issues and develop recommendations', 'Policy Analyst', 90000, 'EFG11'),
('J12L', 'Analyze economic data and trends', 'Economist', 95000, 'HIJ12'),
('J13M', 'Provide financial advice to clients', 'Financial Advisor', 80000, 'NOP13'),
('J14N', 'Develop and implement marketing strategies', 'Marketing Manager', 85000, 'STU14'),
('J15O', 'Manage projects and coordinate teams', 'Project Manager', 100000, 'VWX15'),
('J16P', 'Analyze business processes and recommend improvements', 'Business Analyst', 90000, 'YZA16'),
('J17Q', 'Manage financial records and transactions', 'Accountant', 80000, 'BCD17'),
('J18R', 'Provide technical support and troubleshoot IT issues', 'IT Specialist', 75000, 'LMN18'),
('J19S', 'Design and oversee construction projects', 'Civil Engineer', 95000, 'OPQ19'),
('J20T', 'Design and develop mechanical systems and products', 'Mechanical Engineer', 90000, 'QRS20'),
('J21U', 'Design aircraft and spacecraft', 'Aerospace Engineer', 100000, 'TUV21'),
('J22V', 'Design and oversee chemical processes and equipment', 'Chemical Engineer', 95000, 'VWX22'),
('J23W', 'Design and develop computer hardware and software', 'Computer Engineer', 85000, 'YZA23'),
('J24X', 'Design electronic circuits and devices', 'Electronics Engineer', 90000, 'BCD24'),
('J25Y', 'Design industrial systems and processes', 'Industrial Engineer', 85000, 'EFG25'),
('J26Z', 'Develop software applications', 'Software Developer', 80000, 'HIJ26'),
('J27AA', 'Research and develop materials for various applications', 'Materials Scientist', 95000, 'LMN27'),
('J28AB', 'Address environmental issues and develop solutions', 'Environmental Engineer', 90000, 'OPQ28'),
('J29AC', 'Design and maintain nuclear power plants', 'Nuclear Engineer', 100000, 'QRS29'),
('J30AD', 'Design and develop medical devices and equipment', 'Biomedical Engineer', 95000, 'TUV30'),
('J31AE', 'Design and develop robotic systems', 'Robotics Engineer', 90000, 'VWX31'),
('J32AF', 'Design and maintain telecommunications systems', 'Telecommunications Engineer', 85000, 'YZA32'),
('J33AG', 'Develop software applications', 'Software Developer', 80000, 'BCD33'),
('J34AH', 'Analyze data and generate insights', 'Data Analyst', 75000, 'EFG34'),
('J35AI', 'Assist in research projects', 'Research Assistant', 60000, 'HIJ35'),
('J36AJ', 'Analyze financial data', 'Financial Analyst', 85000, 'LMN36'),
('J37AK', 'Conduct experiments and analyze results', 'Research Scientist', 90000, 'OPQ37'),
('J38AL', 'Design experiments and analyze biological data', 'Biologist', 70000, 'QRS38'),
('J39AM', 'Teach history courses and conduct research', 'History Professor', 95000, 'TUV39'),
('J40AN', 'Create engaging content for marketing purposes', 'Content Writer', 65000, 'VWX40'),
('J41AO', 'Provide therapy and counseling services', 'Psychologist', 85000, 'YZA41'),
('J42AP', 'Assist individuals and families in need', 'Social Worker', 70000, 'BCD42'),
('J43AQ', 'Analyze policy issues and develop recommendations', 'Policy Analyst', 90000, 'EFG43'),
('J44AR', 'Analyze economic data and trends', 'Economist', 95000, 'HIJ44'),
('J45AS', 'Provide financial advice to clients', 'Financial Advisor', 80000, 'LMN45'),
('J46AT', 'Develop and implement marketing strategies', 'Marketing Manager', 85000, 'OPQ46'),
('J47AU', 'Manage projects and coordinate teams', 'Project Manager', 100000, 'QRS47'),
('J48AV', 'Analyze business processes and recommend improvements', 'Business Analyst', 90000, 'TUV48'),
('J49AW', 'Manage financial records and transactions', 'Accountant', 80000, 'VWX49'),
('J50AX', 'Provide technical support and troubleshoot IT issues', 'IT Specialist', 75000, 'YZA50');
create table interview(interviewid varchar(30) primary key,interview_date date,jobid varchar(30),studentid varchar(30),foreign key(jobid) references job(jobid),foreign key(studentid) references student(studentid));
INSERT INTO interview (interviewid, interview_date, jobid, studentid) VALUES
('INT001', '2024-01-01', 'J1A', 'S1A'),
('INT002', '2024-01-02', 'J2B', 'S2B'),
('INT003', '2024-01-03', 'J3C', 'S3C'),
('INT004', '2024-01-04', 'J4D', 'S4D'),
('INT005', '2024-01-05', 'J5E', 'S5E'),
('INT006', '2024-01-06', 'J6F', 'S6F'),
('INT007', '2024-01-07', 'J7G', 'S7G'),
('INT008', '2024-01-08', 'J8H', 'S8H'),
('INT009', '2024-01-09', 'J9I', 'S9I'),
('INT010', '2024-01-10', 'J10J', 'S10J'),
('INT011', '2024-01-11', 'J11K', 'S11K'),
('INT012', '2024-01-12', 'J12L', 'S12L'),
('INT013', '2024-01-13', 'J13M', 'S13M'),
('INT014', '2024-01-14', 'J14N', 'S14N'),
('INT015', '2024-01-15', 'J15O', 'S15O'),
('INT016', '2024-01-16', 'J16P', 'S16P'),
('INT017', '2024-01-17', 'J17Q', 'S17Q'),
('INT018', '2024-01-18', 'J18R', 'S18R'),
('INT019', '2024-01-19', 'J19S', 'S19S'),
('INT020', '2024-01-20', 'J20T', 'S20T'),
('INT021', '2024-01-21', 'J21U', 'S21U'),
('INT022', '2024-01-22', 'J22V', 'S22V'),
('INT023', '2024-01-23', 'J23W' 'S23W'),
('INT024', '2024-01-24', 'J24X', 'S24X'),
('INT025', '2024-01-25', 'J25Y', 'S25Y'),
('INT026', '2024-01-26', 'J26Z', 'S26Z'),
('INT027', '2024-01-27', 'J27AA', 'S27AA'),
('INT028', '2024-01-28', 'J28AB', 'S28AB'),
('INT029', '2024-01-29', 'J29AC', 'S29AC'),
('INT030', '2024-01-30', 'J30AD', 'S30AD'),
('INT031', '2024-01-31', 'J31AE', 'S31AE'),
('INT032', '2024-02-01', 'J32AF', 'S32AF'),
('INT033', '2024-02-02', 'J33AG', 'S33AG'),
('INT034', '2024-02-03', 'J34AH', 'S34AH'),
('INT035', '2024-02-04', 'J35AI', 'S35AI'),
('INT036', '2024-02-05', 'J36AJ', 'S36AJ'),
('INT037', '2024-02-06', 'J37AK', 'S37AK'),
('INT038', '2024-02-07', 'J38AL', 'S38AL'),
('INT039', '2024-02-08', 'J39AM', 'S39AM'),
('INT040', '2024-02-09', 'J40AN', 'S40AN'),
('INT041', '2024-02-10', 'J41AO', 'S41AO'),
('INT042', '2024-02-11', 'J42AP', 'ST42AP'),
('INT043', '2024-02-12', 'J43AQ', 'S43AQ'),
('INT044', '2024-02-13', 'J44AR', 'S44AR'),
('INT045', '2024-02-14', 'J45AS', 'S45AS'),
('INT046', '2024-02-15', 'J46AT', 'S46AT'),
('INT047', '2024-02-16', 'J47AU', 'S47AU'),
('INT048', '2024-02-17', 'J48AV', 'S48AV'),
('INT049', '2024-02-18', 'J49AW', 'S49AW'),
('INT050', '2024-02-19', 'J50AX', 'S50AX');
create table interviewer(officerid varchar(30) primary key , name varchar(30),email varchar(30),phone_number int);
INSERT INTO interviewer (officerid, name, email, phone_number) VALUES
('OFF001', 'Amit Sharma', 'amit.sharma@example.com', 5551001),
('OFF002', 'Riya Singh', 'riya.singh@example.com', 5551002),
('OFF003', 'Vikram Patel', 'vikram.patel@example.com', 5551003),
('OFF004', 'Pooja Rao', 'pooja.rao@example.com', 5551004),
('OFF005', 'Rajesh Kumar', 'rajesh.kumar@example.com', 5551005),
('OFF006', 'Sneha Gupta', 'sneha.gupta@example.com', 5551006),
('OFF007', 'Anil Mehta', 'anil.mehta@example.com', 5551007),
('OFF008', 'Priya Kapoor', 'priya.kapoor@example.com', 5551008),
('OFF009', 'Suresh Reddy', 'suresh.reddy@example.com', 5551009),
('OFF010', 'Kavita Iyer', 'kavita.iyer@example.com', 5551010),
('OFF011', 'Manoj Verma', 'manoj.verma@example.com', 5551011),
('OFF012', 'Anita Bansal', 'anita.bansal@example.com', 5551012),
('OFF013', 'Rakesh Joshi', 'rakesh.joshi@example.com', 5551013),
('OFF014', 'Deepa Nair', 'deepa.nair@example.com', 5551014),
('OFF015', 'Arjun Desai', 'arjun.desai@example.com', 5551015),
('OFF016', 'Shweta Mishra', 'shweta.mishra@example.com', 5551016),
('OFF017', 'Karan Malhotra', 'karan.malhotra@example.com', 5551017),
('OFF018', 'Neha Kulkarni', 'neha.kulkarni@example.com', 5551018),
('OFF019', 'Sanjay Bhatt', 'sanjay.bhatt@example.com', 5551019),
('OFF020', 'Meena Agarwal', 'meena.agarwal@example.com', 5551020),
('OFF021', 'Vishal Jain', 'vishal.jain@example.com', 5551021),
('OFF022', 'Lakshmi Menon', 'lakshmi.menon@example.com', 5551022),
('OFF023', 'Ajay Pillai', 'ajay.pillai@example.com', 5551023),
('OFF024', 'Nisha Kaur', 'nisha.kaur@example.com', 5551024),
('OFF025', 'Mohit Saxena', 'mohit.saxena@example.com', 5551025),
('OFF026', 'Sunita Rathi', 'sunita.rathi@example.com', 5551026),
('OFF027', 'Abhishek Roy', 'abhishek.roy@example.com', 5551027),
('OFF028', 'Chitra Sinha', 'chitra.sinha@example.com', 5551028),
('OFF029', 'Gaurav Choudhary', 'gaurav.choudhary@example.com', 5551029),
('OFF030', 'Rekha Prasad', 'rekha.prasad@example.com', 5551030),
('OFF031', 'Tarun Khandelwal', 'tarun.khandelwal@example.com', 5551031),
('OFF032', 'Lata Das', 'lata.das@example.com', 5551032),
('OFF033', 'Arvind Tiwari', 'arvind.tiwari@example.com', 5551033),
('OFF034', 'Sonal Saxena', 'sonal.saxena@example.com', 5551034),
('OFF035', 'Nitin Chatterjee', 'nitin.chatterjee@example.com', 5551035),
('OFF036', 'Maya Shetty', 'maya.shetty@example.com', 5551036),
('OFF037', 'Harish Chandra', 'harish.chandra@example.com', 5551037),
('OFF038', 'Radhika Sehgal', 'radhika.sehgal@example.com', 5551038),
('OFF039', 'Arun Venkatesh', 'arun.venkatesh@example.com', 5551039),
('OFF040', 'Smita Chauhan', 'smita.chauhan@example.com', 5551040),
('OFF041', 'Vivek Nair', 'vivek.nair@example.com', 5551041),
('OFF042', 'Pallavi Joshi', 'pallavi.joshi@example.com', 5551042),
('OFF043', 'Rahul Mehra', 'rahul.mehra@example.com', 5551043),
('OFF044', 'Madhuri Dixit', 'madhuri.dixit@example.com', 5551044),
('OFF045', 'Shyam Sundar', 'shyam.sundar@example.com', 5551045),
('OFF046', 'Kiran Rao', 'kiran.rao@example.com', 5551046),
('OFF047', 'Anjali Singh', 'anjali.singh@example.com', 5551047),
('OFF048', 'Ravi Kapoor', 'ravi.kapoor@example.com', 5551048),
('OFF049', 'Anuradha Menon', 'anuradha.menon@example.com', 5551049),
('OFF050', 'Rajiv Sharma', 'rajiv.sharma@example.com', 5551050);
create table document(document_id varchar(30),document_type varchar(30),studentid varchar(30),foreign key(studentid) references student(studentid));
INSERT INTO document (document_id, document_type, studentid) VALUES
('DOC001', 'Transcript', 'S1A'),
('DOC002', 'Degree Certificate', 'S2B'),
('DOC003', 'Recommendation Letter', 'S3C'),
('DOC004', 'Resume', 'S4D'),
('DOC005', 'Cover Letter', 'S5E'),
('DOC006', 'Transcript', 'S6F'),
('DOC007', 'Degree Certificate', 'S7G'),
('DOC008', 'Recommendation Letter', 'S8H'),
('DOC009', 'Resume', 'S9I'),
('DOC010', 'Cover Letter', 'S10J'),
('DOC011', 'Transcript', 'S11K'),
('DOC012', 'Degree Certificate', 'S12L'),
('DOC013', 'Recommendation Letter', 'S13M'),
('DOC014', 'Resume', 'S14N'),
('DOC015', 'Cover Letter', 'S15O'),
('DOC016', 'Transcript', 'S16P'),
('DOC017', 'Degree Certificate', 'S17Q'),
('DOC018', 'Recommendation Letter', 'S18R'),
('DOC019', 'Resume', 'S19S'),
('DOC020', 'Cover Letter', 'S20T'),
('DOC021', 'Transcript', 'S21U'),
('DOC022', 'Degree Certificate', 'S22V'),
('DOC023', 'Recommendation Letter', 'S23W'),
('DOC024', 'Resume', 'S24X'),
('DOC025', 'Cover Letter', 'S25Y'),
('DOC026', 'Transcript', 'S26Z'),
('DOC027', 'Degree Certificate', 'S27AA'),
('DOC028', 'Recommendation Letter', 'S28AB'),
('DOC029', 'Resume', 'S29AC'),
('DOC030', 'Cover Letter', 'S30AD'),
('DOC031', 'Transcript', 'S31AE'),
('DOC032', 'Degree Certificate', 'S32AF'),
('DOC033', 'Recommendation Letter', 'S33AG'),
('DOC034', 'Resume', 'S34AH'),
('DOC035', 'Cover Letter', 'S35AI'),
('DOC036', 'Transcript', 'S36AJ'),
('DOC037', 'Degree Certificate', 'S37AK'),
('DOC038', 'Recommendation Letter', 'S38AL'),
('DOC039', 'Resume', 'S39AM'),
('DOC040', 'Cover Letter', 'S40AN'),
('DOC041', 'Transcript', 'S41AO'),
('DOC042', 'Degree Certificate', 'S42AP'),
('DOC043', 'Recommendation Letter', 'S43AQ'),
('DOC044', 'Resume', 'S44AR'),
('DOC045', 'Cover Letter', 'S45AS'),
('DOC046', 'Transcript', 'S46AT'),
('DOC047', 'Degree Certificate', 'S47AU'),
('DOC048', 'Recommendation Letter', 'S48AV'),
('DOC049', 'Resume', 'S49AW'),
('DOC050', 'Cover Letter', 'S50AX');
create table feedback(feedbackid varchar(30) primary key,officerid varchar(30),studentid varchar(30),ratings int,foreign key(officerid) references interview(officerid),foreign key(studentid) references student(studentid));
INSERT INTO feedback (feedbackid, officerid, studentid, ratings) VALUES
('FB001', 'OFF001', 'S1A', 5),
('FB002', 'OFF002', 'S2B', 4),
('FB003', 'OFF003', 'S3C', 3),
('FB004', 'OFF004', 'S4D', 5),
('FB005', 'OFF005', 'S5E', 4),
('FB006', 'OFF006', 'S6F', 5),
('FB007', 'OFF007', 'S7G', 3),
('FB008', 'OFF008', 'S8H', 4),
('FB009', 'OFF009', 'S9I', 5),
('FB010', 'OFF010', 'S10J', 3),
('FB011', 'OFF011', 'S11K', 4),
('FB012', 'OFF012', 'S12L', 5),
('FB013', 'OFF013', 'S13M', 3),
('FB014', 'OFF014', 'S14N', 4),
('FB015', 'OFF015', 'S15O', 5),
('FB016', 'OFF016', 'S16P', 3),
('FB017', 'OFF017', 'S17Q', 4),
('FB018', 'OFF018', 'S18R', 5),
('FB019', 'OFF019', 'S19S', 3),
('FB020', 'OFF020', 'S20T', 4),
('FB021', 'OFF021', 'S21U', 5),
('FB022', 'OFF022', 'S22V', 3),
('FB023', 'OFF023', 'S23W', 4),
('FB024', 'OFF024', 'S24X', 5),
('FB025', 'OFF025', 'S25Y', 3),
('FB026', 'OFF026', 'S26Z', 4),
('FB027', 'OFF027', 'S27AA', 5),
('FB028', 'OFF028', 'S28AB', 3),
('FB029', 'OFF029', 'S29AC', 4),
('FB030', 'OFF030', 'S30AD', 5),
('FB031', 'OFF031', 'S31AE', 3),
('FB032', 'OFF032', 'S32AF', 4),
('FB033', 'OFF033', 'S33AG', 5),
('FB034', 'OFF034', 'S34AH', 3),
('FB035', 'OFF035', 'S35AI', 4),
('FB036', 'OFF036', 'S36AJ', 5),
('FB037', 'OFF037', 'S37AK', 3),
('FB038', 'OFF038', 'S38AL', 4),
('FB039', 'OFF039', 'S39AM', 5),
('FB040', 'OFF040', 'S40AN', 3),
('FB041', 'OFF041', 'S41AO', 4),
('FB042', 'OFF042', 'S42AP', 5),
('FB043', 'OFF043', 'S43AQ', 3),
('FB044', 'OFF044', 'S44AR', 4),
('FB045', 'OFF045', 'S45AS', 5),
('FB046', 'OFF046', 'S46AT', 3),
('FB047', 'OFF047', 'S47AU', 4),
('FB048', 'OFF048', 'S48AV', 5),
('FB049', 'OFF049', 'S49AW', 3),
('FB050', 'OFF050', 'S50AX', 4);
create table resume(resumeid varchar(30) primary key,upload_date date,studentid varchar(30),foreign key(studentid) references student(studentid));
INSERT INTO resume (resumeid, upload_date, studentid) VALUES
('RES001', '2024-05-01', 'S1A'),
('RES002', '2024-05-02', 'S2B'),
('RES003', '2024-05-03', 'S3C'),
('RES004', '2024-05-04', 'S4D'),
('RES005', '2024-05-05', 'S5E'),
('RES006', '2024-05-06', 'S6F'),
('RES007', '2024-05-07', 'S7G'),
('RES008', '2024-05-08', 'S8H'),
('RES009', '2024-05-09', 'S9I'),
('RES010', '2024-05-10', 'S10J'),
('RES011', '2024-05-11', 'S11K'),
('RES012', '2024-05-12', 'S12L'),
('RES013', '2024-05-13', 'S13M'),
('RES014', '2024-05-14', 'S14N'),
('RES015', '2024-05-15', 'S15O'),
('RES016', '2024-05-16', 'S16P'),
('RES017', '2024-05-17', 'S17Q'),
('RES018', '2024-05-18', 'S18R'),
('RES019', '2024-05-19', 'S19S'),
('RES020', '2024-05-20', 'S20T'),
('RES021', '2024-05-21', 'S21U'),
('RES022', '2024-05-22', 'S22V'),
('RES023', '2024-05-23', 'S23W'),
('RES024', '2024-05-24', 'S24X'),
('RES025', '2024-05-25', 'S25Y'),
('RES026', '2024-05-26', 'S26Z'),
('RES027', '2024-05-27', 'S27AA'),
('RES028', '2024-05-28', 'S28AB'),
('RES029', '2024-05-29', 'S29AC'),
('RES030', '2024-05-30', 'S30AD'),
('RES031', '2024-05-31', 'S31AE'),
('RES032', '2024-06-01', 'S32AF'),
('RES033', '2024-06-02', 'S33AG'),
('RES034', '2024-06-03', 'S34AH'),
('RES035', '2024-06-04', 'S35AI'),
('RES036', '2024-06-05', 'S36AJ'),
('RES037', '2024-06-06', 'S37AK'),
('RES038', '2024-06-07', 'S38AL'),
('RES039', '2024-06-08', 'S39AM'),
('RES040', '2024-06-09', 'S40AN'),
('RES041', '2024-06-10', 'S41AO'),
('RES042', '2024-06-11', 'S42AP'),
('RES043', '2024-06-12', 'S43AQ'),
('RES044', '2024-06-13', 'S44AR'),
('RES045', '2024-06-14', 'S45AS'),
('RES046', '2024-06-15', 'S46AT'), 
('RES047', '2024-06-16', 'S47AU'),
('RES048', '2024-06-17', 'S48AV'),
('RES049', '2024-06-18', 'S49AW'),
('RES050', '2024-06-19', 'S50AX');
create table placement_record(recordid varchar(30) primary key,studentid varchar(30),companyid varchar(30),jobid varchar(30),joining_date date,foreign key(studentid) references student(studentid),foreign key(companyid) references company(companyid),foreign key(jobid) references job(jobid));
INSERT INTO placement_record (recordid, studentid, companyid, jobid, joining_date) VALUES
('REC001', 'S1A', 'ABC1', 'J1A', '2024-06-01'),
('REC002', 'S2B', 'DEF2', 'J2B', '2024-06-02'),
('REC003', 'S3C', 'GHI3', 'J3C', '2024-06-03'),
('REC004', 'S4D', 'JKL4', 'J4D', '2024-06-04'),
('REC005', 'S5E', 'MNO5', 'J5E', '2024-06-05'),
('REC006', 'S6F', 'PQR6', 'J6F', '2024-06-06'),
('REC007', 'S7G', 'STU7', 'J7G', '2024-06-07'),
('REC008', 'S8H', 'UVW8', 'J8H', '2024-06-08'),
('REC009', 'S9I', 'XYZ9', 'J9I', '2024-06-09'),
('REC010', 'S10J', 'RST10', 'J10J', '2024-06-10'),
('REC011', 'S11K', 'EFG11', 'J11K', '2024-06-11'),
('REC012', 'S12L', 'HIJ12', 'J12L', '2024-06-12'),
('REC013', 'S13M', 'NOP13', 'J13M', '2024-06-13'),
('REC014', 'S14N', 'STU14', 'J14N', '2024-06-14'),
('REC015', 'S15O', 'VWX15', 'J15O', '2024-06-15'),
('REC016', 'S16P', 'YZA16', 'J16P', '2024-06-16'),
('REC017', 'S17Q', 'BCD17', 'J17Q', '2024-06-17'),
('REC018', 'S18R', 'LMN18', 'J18R', '2024-06-18'),
('REC019', 'S19S', 'OPQ19', 'J19S', '2024-06-19'),
('REC020', 'S20T', 'QRS20', 'J20T', '2024-06-20'),
('REC021', 'S21U', 'TUV21', 'J21U', '2024-06-21'),
('REC022', 'S22V', 'VWX22', 'J22V', '2024-06-22'),
('REC023', 'S23W', 'YZA23', 'J23W', '2024-06-23'),
('REC024', 'S24X', 'BCD24', 'J24X', '2024-06-24'),
('REC025', 'S25Y', 'EFG25', 'J25Y', '2024-06-25'),
('REC026', 'S26Z', 'HIJ26', 'J26Z', '2024-06-26'),
('REC027', 'S27AA', 'LMN27', 'J27AA', '2024-06-27'),
('REC028', 'S28AB', 'OPQ28', 'J28AB', '2024-06-28'),
('REC029', 'S29AC', 'QRS29', 'J29AC', '2024-06-29'),
('REC030', 'S30AD', 'TUV30', 'J30AD', '2024-06-30'),
('REC031', 'S31AE', 'VWX31', 'J31AE', '2024-07-01'),
('REC032', 'S32AF', 'YZA32', 'J32AF', '2024-07-02'),
('REC033', 'S33AG', 'BCD33', 'J33AG', '2024-07-03'),
('REC034', 'S34AH', 'EFG34', 'J34AH', '2024-07-04'),
('REC035', 'S35AI', 'HIJ35', 'J35AI', '2024-07-05'),
('REC036', 'S36AJ', 'LMN36', 'J36AJ', '2024-07-06'),
('REC037', 'S37AK', 'OPQ37', 'J37AK', '2024-07-07'),
('REC038', 'S38AL', 'QRS38', 'J38AL', '2024-07-08'),
('REC039', 'S39AM', 'TUV39', 'J39AM', '2024-07-09'),
('REC040', 'S40AN', 'VWX40', 'J40AN', '2024-07-10'),
('REC041', 'S41AO', 'YZA41', 'J41AO', '2024-07-11'),
('REC042', 'S42AP', 'BCD42', 'J42AP', '2024-07-12'),
('REC043', 'S43AQ', 'EFG43', 'J43AQ', '2024-07-13'),
('REC044', 'S44AR', 'HIJ44', 'J44AR', '2024-07-14'),
('REC045', 'S45AS', 'LMN45', 'J45AS', '2024-07-15'),
('REC046', 'S46AT', 'OPQ46', 'J46AT', '2024-07-16'),
('REC047', 'S47AU', 'QRS47', 'J47AU', '2024-07-17'),
('REC048', 'S48AV', 'TUV48', 'J48AV', '2024-07-18'),
('REC049', 'S49AW', 'VWX49', 'J49AW', '2024-07-19'),
('REC050', 'S50AX', 'YZA50', 'J50AX', '2024-07-20');



